id,nama_obat,nama_generik,kategori,golongan,bentuk_sediaan,kandungan_aktif,indikasi,kontraindikasi,dosis,efek_samping,peringatan
1,Paracetamol,Acetaminophen,Analgesik-Antipiretik,Obat Bebas,"Tablet, Sirup, Suppositoria",Paracetamol 500mg,"Demam, nyeri ringan hingga sedang (sakit kepala, sakit gigi, nyeri otot)","Hipersensitivitas, gangguan hati berat",Dewasa: 500–1000 mg tiap 4–6 jam (maks 4 g/hari); Anak: 10–15 mg/kgBB tiap 4–6 jam,"Jarang: mual, ruam kulit; Overdosis: kerusakan hati",Hindari alkohol; jangan melebihi dosis maksimal; hati-hati pada gangguan hati/ginjal
2,Ibuprofen,Ibuprofen,Analgesik-Antipiretik,Obat Bebas Terbatas,"Tablet, Sirup",Ibuprofen 200mg / 400mg,"Nyeri ringan-sedang, demam, nyeri haid, peradangan sendi","Tukak lambung aktif, gagal ginjal berat, kehamilan trimester 3, hipersensitivitas NSAID",Dewasa: 200–400 mg tiap 4–6 jam (maks 1200 mg/hari tanpa resep); Anak: 5–10 mg/kgBB tiap 6–8 jam,"Gangguan lambung, mual, pusing, tukak lambung","Konsumsi bersama makanan; hati-hati pada riwayat maag, asma, dan gangguan jantung"
3,Aspirin,Acetylsalicylic Acid,Analgesik-Antipiretik,Obat Bebas,Tablet,Aspirin 80mg / 100mg / 500mg,"Nyeri ringan-sedang, demam, pencegahan trombosis (dosis rendah)","Anak <12 tahun, tukak lambung aktif, hemofilia, trimester akhir kehamilan",Analgesik: 300–900 mg tiap 4–6 jam (maks 4 g/hari); Antiplatelet: 75–100 mg/hari,"Iritasi lambung, perdarahan GI, tinnitus (pada dosis tinggi)",Jangan diberikan pada anak (risiko Reye syndrome); pantau fungsi ginjal pada penggunaan jangka panjang
4,Asam Mefenamat,Mefenamic Acid,Analgesik-Antipiretik,Obat Keras,"Tablet, Kapsul",Asam Mefenamat 250mg / 500mg,"Nyeri haid, nyeri pasca operasi, sakit gigi, sakit kepala","Tukak lambung, gangguan ginjal/hati berat, kehamilan trimester 3","500 mg sebagai dosis awal, kemudian 250 mg tiap 6 jam (maks 7 hari)","Gangguan lambung, diare, pusing, ruam kulit",Konsumsi bersama makanan; jangan digunakan lebih dari 7 hari
5,Antalgin,Metamizole / Dipiron,Analgesik-Antipiretik,Obat Bebas Terbatas,Tablet,Metamizole Sodium 500mg,Nyeri akut dan demam tinggi,"Gangguan sumsum tulang, hipersensitivitas",Dewasa: 500 mg – 1 g tiap 6–8 jam,"Agranulositosis (jarang), hipotensi, reaksi alergi",Jangan digunakan jangka panjang; hentikan jika muncul tanda infeksi
6,Diklofenak,Diclofenac Sodium,Analgesik-Antipiretik,Obat Keras,"Tablet, Gel, Suppositoria",Diclofenac 25mg / 50mg,"Nyeri sendi (artritis), nyeri otot, nyeri pasca trauma","Tukak lambung, gagal jantung berat, trimester 3 kehamilan","50 mg, 2–3 kali/hari (dosis pemeliharaan 75–150 mg/hari)","Nyeri lambung, mual, edema, peningkatan tekanan darah",Pantau fungsi ginjal dan jantung pada penggunaan jangka panjang
7,Meloxicam,Meloxicam,Analgesik-Antipiretik,Obat Keras,Tablet,Meloxicam 7.5mg / 15mg,"Osteoartritis, rheumatoid artritis, nyeri muskuloskeletal","Tukak lambung aktif, gagal ginjal/hati berat, kehamilan",7.5–15 mg sekali sehari,"Gangguan GI, edema, peningkatan enzim hati",Gunakan dosis terendah efektif; pantau fungsi ginjal
8,Amoxicillin,Amoxicillin,Antibiotik,Obat Keras,"Kapsul, Sirup",Amoxicillin 250mg / 500mg,"Infeksi saluran napas, saluran kemih, telinga, kulit akibat bakteri sensitif",Alergi penisilin,Dewasa: 250–500 mg tiap 8 jam atau 500–875 mg tiap 12 jam; Anak: 20–40 mg/kgBB/hari dibagi 3 dosis,"Diare, mual, ruam kulit, reaksi alergi",Tanyakan riwayat alergi penisilin sebelum pemberian; selesaikan seluruh rangkaian pengobatan
9,Amoxicillin + Asam Klavulanat,Amoxicillin-Clavulanate,Antibiotik,Obat Keras,"Tablet, Sirup",Amoxicillin 500mg + Asam Klavulanat 125mg,"Infeksi bakteri resisten beta-laktamase: sinusitis, otitis media, infeksi kulit berat","Alergi penisilin, riwayat kolestasis akibat amoxicillin-clavulanat",Dewasa: 1 tablet (500/125 mg) tiap 8 jam atau 1 tablet (875/125 mg) tiap 12 jam,"Diare, mual, gangguan fungsi hati",Pantau fungsi hati; konsumsi bersama makanan untuk mengurangi efek GI
10,Azithromycin,Azithromycin,Antibiotik,Obat Keras,"Tablet, Sirup",Azithromycin 250mg / 500mg,"Infeksi saluran napas, pneumonia komunitas, infeksi kulit, infeksi menular seksual","Alergi makrolid, gangguan hati berat, aritmia QT panjang","Dewasa: 500 mg hari pertama, 250 mg hari 2–5 (atau 500 mg/hari x 3 hari)","Mual, diare, nyeri perut, perpanjangan QT",Hati-hati pada pasien kardiovaskular; pantau EKG jika perlu
11,Ciprofloxacin,Ciprofloxacin,Antibiotik,Obat Keras,Tablet,Ciprofloxacin HCl 250mg / 500mg / 750mg,"Infeksi saluran kemih, infeksi GI, pneumonia, infeksi kulit dan jaringan lunak","Hipersensitivitas fluorokuinolon, anak-anak (<18 tahun) kecuali indikasi khusus",250–750 mg tiap 12 jam (tergantung indikasi dan keparahan),"Mual, diare, sakit kepala, insomnia, ruptur tendon (jarang)",Hindari pada anak/remaja; kurangi dosis pada gagal ginjal; hindari antasida bersamaan
12,Doxycycline,Doxycycline Hyclate,Antibiotik,Obat Keras,"Kapsul, Tablet",Doxycycline 100mg,"Infeksi respirasi, IMS (klamidia), malaria (profilaksis), jerawat berat","Kehamilan, anak <8 tahun, hipersensitivitas tetrasiklin",100 mg dua kali sehari (hari pertama dosis ganda),"Fotosensitivitas, mual, esofagitis, perubahan warna gigi (anak)",Minum dengan banyak air; hindari paparan sinar matahari langsung; jangan bersamaan antasida
13,Cefixime,Cefixime,Antibiotik,Obat Keras,"Kapsul, Tablet, Sirup",Cefixime 100mg / 200mg,"Infeksi saluran kemih, infeksi telinga tengah, faringitis, gonore tanpa komplikasi",Alergi sefalosporin atau penisilin (silang),Dewasa: 200–400 mg/hari dibagi 1–2 dosis; Anak: 8 mg/kgBB/hari,"Diare, mual, ruam kulit",Selesaikan seluruh rangkaian; pantau fungsi ginjal
14,Cefadroxil,Cefadroxil,Antibiotik,Obat Keras,"Kapsul, Sirup",Cefadroxil 500mg,"Infeksi kulit, saluran napas atas, saluran kemih",Alergi sefalosporin,Dewasa: 500 mg – 1 g dua kali sehari; Anak: 30 mg/kgBB/hari dibagi 2 dosis,"Mual, diare, ruam kulit",Tanyakan riwayat alergi sefalosporin/penisilin
15,Metronidazole,Metronidazole,Antibiotik,Obat Keras,"Tablet, Krim, Suppositoria",Metronidazole 250mg / 500mg,"Infeksi anaerob, trikomoniasis, amebiasis, bakteri vaginosis, H. pylori (kombinasi)","Trimester 1 kehamilan, hipersensitivitas",250–500 mg tiap 6–8 jam (sesuai indikasi),"Mual, metalik pada mulut, pusing, urin gelap",Hindari alkohol selama pengobatan dan 48 jam setelahnya
16,Cotrimoxazole,Sulfamethoxazole + Trimethoprim,Antibiotik,Obat Keras,Tablet,Sulfamethoxazole 400mg + Trimethoprim 80mg,"Infeksi saluran kemih, otitis media, diare bakteri, pneumonia PCP","Alergi sulfonamid, kehamilan aterm, gagal ginjal/hati berat",2 tablet (400/80 mg) dua kali sehari,"Ruam kulit, mual, gangguan hematopoiesis, nefrotoksisitas",Minum banyak air; pantau fungsi ginjal dan darah
17,Clindamycin,Clindamycin HCl,Antibiotik,Obat Keras,"Kapsul, Gel (topikal)",Clindamycin 150mg / 300mg,"Infeksi kulit dan jaringan lunak, infeksi gigi, profilaksis endokarditis","Hipersensitivitas, riwayat kolitis pseudomembran",150–300 mg tiap 6 jam (infeksi berat: 300–450 mg tiap 6 jam),"Diare, kolitis (C. difficile), mual",Hentikan jika muncul diare berat; pantau tanda-tanda kolitis
18,Antasida Doen,Aluminium Hydroxide + Magnesium Hydroxide,Antasida-Lambung,Obat Bebas,"Tablet Kunyah, Suspensi",Al(OH)3 200mg + Mg(OH)2 200mg per tablet,"Nyeri ulu hati, gastritis, tukak lambung, GERD ringan","Gagal ginjal berat, hipersensitivitas","1–2 tablet dikunyah 3–4 kali/hari, 1 jam setelah makan dan sebelum tidur","Sembelit (Al), diare (Mg), mual",Jangan dikonsumsi bersamaan dengan obat lain (jeda 2 jam); hati-hati pada gangguan ginjal
19,Omeprazole,Omeprazole,Antasida-Lambung,Obat Keras,Kapsul,Omeprazole 20mg / 40mg,"Tukak lambung, GERD, sindrom Zollinger-Ellison, eradikasi H. pylori",Hipersensitivitas inhibitor pompa proton,20–40 mg sekali sehari sebelum makan,"Sakit kepala, diare, mual, hipomagnesemia (penggunaan lama)",Pantau kadar magnesium pada penggunaan jangka panjang; dapat mengurangi penyerapan B12
20,Lansoprazole,Lansoprazole,Antasida-Lambung,Obat Keras,Kapsul,Lansoprazole 15mg / 30mg,"Tukak lambung dan duodenum, GERD, eradikasi H. pylori",Hipersensitivitas PPI,15–30 mg sekali sehari sebelum makan pagi,"Sakit kepala, diare, mual, nyeri perut",Sama seperti Omeprazole
21,Ranitidine,Ranitidine HCl,Antasida-Lambung,Obat Keras,Tablet,Ranitidine 150mg / 300mg,"Tukak lambung, GERD, hiperasiditas, sindrom Zollinger-Ellison","Hipersensitivitas, porfiria akut",150 mg dua kali sehari atau 300 mg sekali sehari malam hari,"Sakit kepala, pusing, diare, mual (jarang)",Kurangi dosis pada gagal ginjal
22,Domperidone,Domperidone,Antasida-Lambung,Obat Keras,"Tablet, Sirup",Domperidone 10mg,"Mual, muntah, perut kembung, gangguan pengosongan lambung","Prolaktinoma, perdarahan GI, aritmia QT panjang","10 mg, 3 kali/hari 15–30 menit sebelum makan","Sakit kepala, mulut kering, gangguan menstruasi",Penggunaan jangka panjang meningkatkan risiko aritmia; tidak untuk anak <12 tahun
23,Sucralfate,Sucralfate,Antasida-Lambung,Obat Keras,"Tablet, Suspensi",Sucralfate 500mg / 1000mg,"Tukak lambung dan duodenum, perlindungan mukosa lambung","Hipersensitivitas, gagal ginjal berat",1 g empat kali sehari (1 jam sebelum makan dan malam hari),"Sembelit, mulut kering, mual",Jangan bersamaan dengan antasida atau obat lain (interval 2 jam)
24,Cetirizine,Cetirizine HCl,Antihistamin,Obat Bebas Terbatas,"Tablet, Sirup",Cetirizine HCl 10mg,"Rinitis alergi, urtikaria, dermatitis atopik","Hipersensitivitas, gagal ginjal berat",Dewasa: 10 mg sekali sehari; Anak 6–12 tahun: 5 mg sekali sehari,"Kantuk ringan, mulut kering, sakit kepala",Hati-hati mengemudi; kurangi dosis pada gangguan ginjal
25,Loratadine,Loratadine,Antihistamin,Obat Bebas Terbatas,"Tablet, Sirup",Loratadine 10mg,"Rinitis alergi musiman, urtikaria kronis",Hipersensitivitas,10 mg sekali sehari,"Sakit kepala, kelelahan, mulut kering (lebih jarang kantuk dari generasi-1)",Aman untuk siang hari karena non-sedatif
26,CTM,Chlorpheniramine Maleate,Antihistamin,Obat Bebas Terbatas,Tablet,Chlorpheniramine Maleate 4mg,"Rinitis alergi, urtikaria, gatal akibat alergi, pilek","Glaukoma sudut sempit, retensi urin, hipersensitivitas",4 mg tiap 4–6 jam (maks 24 mg/hari),"Kantuk, mulut kering, retensi urin, konstipasi",Tidak boleh mengemudi; hindari alkohol; hati-hati pada BPH dan glaukoma
27,Fexofenadine,Fexofenadine HCl,Antihistamin,Obat Keras,Tablet,Fexofenadine HCl 120mg / 180mg,"Rinitis alergi musiman, urtikaria idiopatik kronis",Hipersensitivitas,120 mg sekali sehari (rinitis) atau 180 mg sekali sehari (urtikaria),"Sakit kepala, pusing, mual (jarang)",Hindari konsumsi bersamaan jus buah (jeruk/apel) karena mengurangi absorpsi
28,Dexamethasone,Dexamethasone,Kortikosteroid,Obat Keras,"Tablet, Injeksi",Dexamethasone 0.5mg / 0.75mg,"Alergi berat, asma, peradangan, edema serebral, mual akibat kemoterapi","Infeksi sistemik tanpa terapi anti-infeksi, vaksin virus hidup bersamaan",0.5–9 mg/hari (tergantung kondisi); tapering off diperlukan pada penggunaan >1 minggu,"Hiperglikemia, imunosupresi, osteoporosis, moon face (jangka panjang)",Jangan hentikan tiba-tiba; pantau gula darah; risiko infeksi meningkat
29,Methylprednisolone,Methylprednisolone,Kortikosteroid,Obat Keras,"Tablet, Injeksi",Methylprednisolone 4mg / 8mg / 16mg,"Peradangan, alergi berat, penyakit autoimun, asma akut","Infeksi jamur sistemik, hipersensitivitas",4–48 mg/hari dibagi beberapa dosis (tapering off diperlukan),"Peningkatan nafsu makan, insomnia, hiperglikemia, retensi cairan",Sama seperti Dexamethasone; konsumsi bersama makanan
30,Guaifenesin,Guaifenesin,Batuk-Flu,Obat Bebas,"Tablet, Sirup",Guaifenesin 100mg / 200mg,"Batuk berdahak (ekspektoran), kongesti saluran napas",Hipersensitivitas,200–400 mg tiap 4 jam (maks 2400 mg/hari),"Mual, muntah, kantuk",Minum banyak air untuk membantu mengencerkan dahak
31,DMP,Dextromethorphan HBr,Batuk-Flu,Obat Bebas Terbatas,"Tablet, Sirup",Dextromethorphan HBr 10mg / 15mg,"Batuk kering, batuk tidak produktif","Penggunaan MAO inhibitor dalam 14 hari, batuk produktif, asma",10–30 mg tiap 4–8 jam (maks 120 mg/hari),"Kantuk, pusing, mual",Tidak untuk batuk berdahak; potensi penyalahgunaan pada dosis tinggi
32,Ambroxol,Ambroxol HCl,Batuk-Flu,Obat Bebas Terbatas,"Tablet, Sirup",Ambroxol HCl 30mg,"Batuk berdahak, sekret saluran napas kental, bronkitis","Hipersensitivitas, trimester 1 kehamilan","30 mg, 2–3 kali/hari","Mual, muntah, diare (jarang)",Minum banyak air; hindari penggunaan bersamaan dengan antitusif
33,Bromhexine,Bromhexine HCl,Batuk-Flu,Obat Bebas Terbatas,"Tablet, Sirup",Bromhexine HCl 8mg,"Batuk berdahak, sekret bronkus kental","Tukak lambung aktif, hipersensitivitas","8–16 mg, 3 kali/hari","Mual, muntah, diare, sakit kepala",Hati-hati pada tukak lambung
34,Salbutamol,Salbutamol / Albuterol,Asma-Saluran Napas,Obat Keras,"Tablet, Inhaler, Sirup",Salbutamol 2mg / 4mg,"Bronkospasme pada asma, PPOK, bronkitis","Hipersensitivitas, takikardia","Oral: 2–4 mg, 3–4 kali/hari; Inhaler: 100–200 mcg saat serangan","Tremor, jantung berdebar, sakit kepala, hipokalemia",Pantau kadar kalium; hindari dosis berlebih
35,Theophylline,Theophylline,Asma-Saluran Napas,Obat Keras,Tablet,Theophylline 130mg / 200mg,"Bronkospasme, asma, PPOK","Aritmia, hipersensitivitas xantin",Dewasa: 200–400 mg dua kali sehari (SR); sesuaikan dengan kadar plasma,"Mual, sakit kepala, insomnia, aritmia (toksisitas)",Indeks terapeutik sempit; pantau kadar serum; banyak interaksi obat
36,Metformin,Metformin HCl,Antidiabetes,Obat Keras,Tablet,Metformin HCl 500mg / 850mg / 1000mg,Diabetes mellitus tipe 2 (lini pertama),"Gagal ginjal (eGFR <30), asidosis metabolik, penggunaan kontras IV","500 mg, 2–3 kali/hari bersama makan; titrasi bertahap hingga 2550 mg/hari","Mual, diare, metalik di mulut; asidosis laktat (sangat jarang)",Pantau fungsi ginjal; hentikan 48 jam sebelum prosedur kontras IV
37,Glibenclamide,Glibenclamide / Glyburide,Antidiabetes,Obat Keras,Tablet,Glibenclamide 2.5mg / 5mg,Diabetes mellitus tipe 2,"DM tipe 1, ketoasidosis diabetikum, gagal ginjal/hati berat",2.5–20 mg/hari (satu atau dua dosis) sebelum makan,"Hipoglikemia, kenaikan berat badan, mual",Risiko hipoglikemia tinggi pada lansia; pantau gula darah secara rutin
38,Glimepiride,Glimepiride,Antidiabetes,Obat Keras,Tablet,Glimepiride 1mg / 2mg / 3mg / 4mg,Diabetes mellitus tipe 2,"DM tipe 1, kehamilan, gagal ginjal/hati berat",1–4 mg sekali sehari bersama sarapan,"Hipoglikemia, kenaikan berat badan, pusing",Mulai dengan dosis rendah dan titrasi; monitor gula darah
39,Acarbose,Acarbose,Antidiabetes,Obat Keras,Tablet,Acarbose 50mg / 100mg,Diabetes mellitus tipe 2 (khusus mengontrol gula darah post-prandial),"Penyakit usus kronis, gangguan hati/ginjal berat, kehamilan","25–100 mg, 3 kali/hari bersama suap pertama makan","Perut kembung, diare, flatulensi",Konsumsi tepat saat mulai makan; efek GI berkurang seiring waktu
40,Amlodipine,Amlodipine Besylate,Antihipertensi,Obat Keras,Tablet,Amlodipine 5mg / 10mg,"Hipertensi, angina pektoris stabil","Hipersensitivitas dihidropiridin, syok kardiogenik",5–10 mg sekali sehari,"Edema perifer, sakit kepala, flushing, palpitasi",Jangan hentikan tiba-tiba; pantau tekanan darah
41,Captopril,Captopril,Antihipertensi,Obat Keras,Tablet,Captopril 12.5mg / 25mg / 50mg,"Hipertensi, gagal jantung kongestif, nefropati diabetik","Riwayat angioedema akibat ACE inhibitor, kehamilan, stenosis arteri renalis bilateral","12.5–50 mg, 2–3 kali/hari sebelum makan","Batuk kering persisten, hiperkalemia, angioedema (jarang)",Pantau fungsi ginjal dan kadar kalium; hentikan jika timbul angioedema
42,Lisinopril,Lisinopril,Antihipertensi,Obat Keras,Tablet,Lisinopril 5mg / 10mg / 20mg,"Hipertensi, gagal jantung, pasca infark miokard, nefropati diabetik","Angioedema sebelumnya, kehamilan, stenosis arteri renalis bilateral",5–40 mg sekali sehari,"Batuk kering, hiperkalemia, pusing, angioedema",Pantau fungsi ginjal dan elektrolit
43,Valsartan,Valsartan,Antihipertensi,Obat Keras,"Tablet, Kapsul",Valsartan 40mg / 80mg / 160mg / 320mg,"Hipertensi, gagal jantung, pasca infark miokard","Kehamilan, hipersensitivitas, kombinasi dengan aliskiren pada DM/CKD",80–160 mg sekali sehari (hipertensi); 40–160 mg dua kali sehari (gagal jantung),"Pusing, hiperkalemia, gangguan fungsi ginjal",Pantau fungsi ginjal dan kalium
44,Bisoprolol,Bisoprolol Fumarate,Antihipertensi,Obat Keras,Tablet,Bisoprolol 2.5mg / 5mg / 10mg,"Hipertensi, angina pektoris, gagal jantung kronis stabil","Bradikardia berat, AV blok derajat 2/3, asma berat",2.5–10 mg sekali sehari pagi hari,"Bradikardia, kelelahan, tangan-kaki dingin, bronkospasme",Jangan hentikan tiba-tiba; hati-hati pada asma/PPOK
45,Hydrochlorothiazide,Hydrochlorothiazide,Antihipertensi,Obat Keras,Tablet,Hydrochlorothiazide 12.5mg / 25mg,"Hipertensi, edema akibat gagal jantung/sirosis","Anuria, hipersensitivitas sulfonamid",12.5–25 mg sekali sehari,"Hipokalemia, hiponatremia, hiperurisemia, hiperglikemia",Pantau elektrolit; suplementasi kalium mungkin diperlukan
46,Simvastatin,Simvastatin,Antikolesterol,Obat Keras,Tablet,Simvastatin 10mg / 20mg / 40mg,"Hiperkolesterolemia, pencegahan kardiovaskular","Gangguan hati aktif, kehamilan, menyusui, bersamaan ciclosporin/danazol",10–40 mg sekali sehari malam hari,"Mialgia, peningkatan CPK, gangguan hati (jarang), rabdomiolisis (sangat jarang)",Pantau fungsi hati; hindari grapefruit; laporkan nyeri otot yang tidak biasa
47,Atorvastatin,Atorvastatin Calcium,Antikolesterol,Obat Keras,Tablet,Atorvastatin 10mg / 20mg / 40mg / 80mg,"Hiperkolesterolemia, pencegahan penyakit kardiovaskular aterosklerotik","Penyakit hati aktif, kehamilan, menyusui","10–80 mg sekali sehari (kapan saja, konsisten)","Mialgia, diare, dispepsia, peningkatan gula darah",Laporkan nyeri otot tak biasa; pantau fungsi hati
48,Gemfibrozil,Gemfibrozil,Antikolesterol,Obat Keras,Tablet,Gemfibrozil 300mg / 600mg,"Hipertrigliseridemia, dislipidemia campuran","Gangguan hati/ginjal berat, batu empedu, kombinasi repaglinide","600 mg dua kali sehari, 30 menit sebelum sarapan dan makan malam","Gangguan GI, mialgia, batu empedu",Pantau fungsi hati dan CPK; risiko miopati meningkat bila dikombinasi statin
49,Mebendazole,Mebendazole,Antiparasit,Obat Bebas,Tablet Kunyah,Mebendazole 100mg / 500mg,"Infeksi cacing gelang, cacing kremi, cacing tambang, cacing cambuk","Kehamilan trimester 1, hipersensitivitas","Cacing kremi: 100 mg dosis tunggal, ulangi 2 minggu; Infeksi lain: 100 mg dua kali/hari x 3 hari","Nyeri perut, diare (ringan)",Obati seluruh anggota keluarga; perhatikan higiene tangan
50,Albendazole,Albendazole,Antiparasit,Obat Bebas Terbatas,Tablet,Albendazole 200mg / 400mg,"Infeksi cacing (semua jenis), neurosistiserkosis, ekinokokosis","Kehamilan, hipersensitivitas benzimidazol",400 mg dosis tunggal (pencegahan); dosis berbeda untuk infeksi berat (sesuai dokter),"Mual, sakit perut, sakit kepala, peningkatan enzim hati",Konsumsi bersama makanan berlemak (meningkatkan absorpsi); pantau fungsi hati
51,Pyrantel Pamoate,Pyrantel Pamoate,Antiparasit,Obat Bebas,"Tablet, Suspensi",Pyrantel Pamoate 125mg,Infeksi cacing kremi dan cacing gelang,"Hipersensitivitas, kehamilan trimester 1",10 mg/kgBB dosis tunggal (maks 1 g),"Mual, sakit perut, pusing (jarang)",Boleh diberikan pada anak >2 tahun; obati seluruh keluarga
52,Fluconazole,Fluconazole,Antijamur,Obat Keras,"Kapsul, Sirup",Fluconazole 50mg / 100mg / 150mg / 200mg,"Kandidiasis vaginal, kandidiasis oral, kriptokokus, tinea","Kehamilan (kecuali indikasi berat), hipersensitivitas azol, bersamaan cisapride/astemizol",Kandidiasis vaginal: 150 mg dosis tunggal; Infeksi sistemik: 400 mg/hari lalu 200–400 mg/hari,"Mual, sakit kepala, ruam, peningkatan enzim hati",Pantau fungsi hati; banyak interaksi obat melalui CYP450
53,Ketoconazole,Ketoconazole,Antijamur,Obat Keras,"Tablet, Krim, Shampo",Ketoconazole 200mg (oral); 2% (topikal),"Dermatofitosis, kandidiasis, pitiriasis versikolor, infeksi jamur sistemik","Gangguan hati, bersamaan obat QT-prolonging, hipersensitivitas",200–400 mg sekali sehari (oral); oleskan 1–2 kali/hari (topikal),"Mual, sakit perut, hepatotoksisitas, gangguan hormonal",Pantau fungsi hati secara berkala (oral)
54,Clotrimazole,Clotrimazole,Antijamur,Obat Bebas Terbatas,"Krim, Vaginal Tablet, Lotion",Clotrimazole 1% / 2% (topikal),"Kandidiasis kulit dan vagina, tinea pedis, tinea korporis, pitiriasis versikolor",Hipersensitivitas,Oleskan tipis-tipis 2–3 kali/hari selama 2–4 minggu,"Iritasi, rasa terbakar lokal (jarang)",Hanya untuk penggunaan luar; jangan terkena mata
55,Nystatin,Nystatin,Antijamur,Obat Keras,"Tablet, Suspensi, Krim",Nystatin 100.000 IU / 500.000 IU,"Kandidiasis oral (sariawan), kandidiasis GI, kandidiasis kulit",Hipersensitivitas,"Oral: 100.000–500.000 IU, 3–4 kali/hari; Topikal: oleskan 2–3 kali/hari","Mual, muntah, diare (dosis tinggi oral); iritasi lokal (topikal)",Obat topikal: hanya untuk luar; suspensi oral: kumur dan telan
56,Vitamin C,Ascorbic Acid,Vitamin-Suplemen,Obat Bebas,"Tablet, Tablet Effervescent, Sirup",Vitamin C (Ascorbic Acid) 50mg / 100mg / 250mg / 500mg / 1000mg,"Defisiensi vitamin C (skorbut), antioksidan, meningkatkan imunitas","Batu ginjal oksalat (dosis tinggi), hemokromatosis",Pencegahan: 75–90 mg/hari; Defisiensi: 100–250 mg 2–3 kali/hari,"Gangguan GI, diare, batu ginjal (dosis >2 g/hari)",Dosis >1000 mg/hari tidak dianjurkan tanpa indikasi medis
57,Vitamin B Complex,Vitamin B1 + B2 + B3 + B5 + B6,Vitamin-Suplemen,Obat Bebas,"Tablet, Kapsul","Thiamine (B1), Riboflavin (B2), Niacinamide (B3), Pantothenic Acid (B5), Pyridoxine (B6)","Defisiensi vitamin B kompleks, neuritis perifer, kelelahan",Hipersensitivitas,"1 tablet, 1–3 kali/hari","Urin berwarna kuning (riboflavin), mual",Aman untuk kebanyakan orang; konsumsi bersama makanan
58,Vitamin D3,Cholecalciferol,Vitamin-Suplemen,Obat Bebas,"Tablet, Kapsul, Tetes",Vitamin D3 400 IU / 1000 IU / 2000 IU / 5000 IU,"Defisiensi vitamin D, rakhitis, osteomalasia, pencegahan osteoporosis","Hiperkalsemia, hipervitaminosis D",Pencegahan: 400–2000 IU/hari; Defisiensi: 2000–5000 IU/hari (sesuai kadar 25(OH)D),"Mual, sembelit, hiperkalsemia (overdosis)",Pantau kadar kalsium serum pada dosis tinggi
59,Zinc,Zinc Sulfate / Zinc Gluconate,Vitamin-Suplemen,Obat Bebas,"Tablet, Sirup",Zinc elemental 10mg / 20mg,"Defisiensi zinc, diare pada anak, penyembuhan luka, imunitas",Hipersensitivitas,Diare anak: 10–20 mg/hari selama 10–14 hari; Suplementasi: 8–11 mg/hari,"Mual, muntah (perut kosong), rasa metalik",Konsumsi bersama makanan; dosis tinggi dapat mengganggu absorpsi tembaga
60,Kalsium Karbonat,Calcium Carbonate,Vitamin-Suplemen,Obat Bebas,"Tablet, Tablet Kunyah",Calcium Carbonate 500mg / 1000mg (= Ca elemental 200mg / 400mg),"Suplementasi kalsium, osteoporosis, hipokalsemia, antasida","Hiperkalsemia, batu ginjal kalsium, sarkoidosis",500–1500 mg Ca elemental/hari (dalam beberapa dosis terbagi),"Sembelit, kembung, hiperkalsemia (overdosis)",Konsumsi bersama makanan untuk penyerapan optimal; jeda dengan zat besi
61,Zat Besi,Ferrous Sulfate / Ferrous Fumarate,Vitamin-Suplemen,Obat Bebas Terbatas,"Tablet, Sirup",Fe elemental 60mg / 30mg,"Anemia defisiensi besi, pencegahan anemia pada ibu hamil","Anemia bukan karena defisiensi besi, hemokromatosis",Pencegahan (ibu hamil): 60 mg Fe/hari; Terapi: 120–180 mg Fe/hari dibagi 2–3 dosis,"Mual, sembelit, diare, feses hitam, nyeri lambung",Konsumsi perut kosong atau dengan vit. C untuk absorpsi optimal; simpan jauh dari anak
62,Asam Folat,Folic Acid,Vitamin-Suplemen,Obat Bebas,Tablet,Asam Folat 0.4mg / 1mg / 5mg,"Pencegahan defek tabung saraf (ibu hamil), anemia megaloblastik","Anemia pernisiosa (tanpa vit. B12), hipersensitivitas",Pencegahan: 0.4–1 mg/hari; Defisiensi: 1–5 mg/hari,"Jarang: mual, kembung",Mulai 1 bulan sebelum kehamilan dan lanjutkan trimester pertama
63,Digoxin,Digoxin,Jantung,Obat Keras,Tablet,Digoxin 0.25mg,"Gagal jantung kongestif, fibrilasi atrium, flutter atrium","Aritmia ventrikular, blok AV derajat 2/3, hipertrofi kardiomiopati obstruktif",0.125–0.25 mg sekali sehari (sesuai kadar plasma dan fungsi ginjal),"Mual, muntah, penglihatan berwarna kuning, aritmia (toksisitas)",Indeks terapeutik sangat sempit; pantau kadar serum dan elektrolit
64,Isosorbide Dinitrate,Isosorbide Dinitrate,Jantung,Obat Keras,"Tablet, Tablet Sublingual",Isosorbide Dinitrate 5mg / 10mg,"Angina pektoris, gagal jantung","Syok kardiogenik, bersamaan sildenafil/tadalafil, hipotensi berat","Sublingual: 2.5–10 mg saat serangan; Oral: 5–20 mg, 2–3 kali/hari","Sakit kepala, pusing, hipotensi",JANGAN bersamaan obat disfungsi ereksi; toleransi berkembang—berikan interval bebas nitrat
65,Nitrofurantoin,Nitrofurantoin,Antibiotik,Obat Keras,Kapsul,Nitrofurantoin 50mg / 100mg,Infeksi saluran kemih bawah tanpa komplikasi,"Gagal ginjal (eGFR <30), kehamilan aterm, G6PD defisiensi",50–100 mg empat kali sehari selama 5–7 hari (dengan makanan),"Mual, muntah, urin berwarna coklat, neuropati perifer (jarang)",Konsumsi bersama makanan; tidak efektif untuk ISK atas
66,Diazepam,Diazepam,Psikiatri,Psikotropika Gol. IV,"Tablet, Injeksi, Rectal Gel",Diazepam 2mg / 5mg / 10mg,"Kecemasan, insomnia, kejang, spasme otot, putus alkohol","Miastenia gravis, insufisiensi respirasi berat, apnea tidur, kehamilan","Ansietas: 2–10 mg, 2–4 kali/hari; Insomnia: 5–10 mg malam hari (jangka pendek)","Kantuk, kelelahan, ketergantungan, gangguan memori",Potensi ketergantungan tinggi; hanya untuk jangka pendek; hindari alkohol
67,Alprazolam,Alprazolam,Psikiatri,Psikotropika Gol. IV,Tablet,Alprazolam 0.25mg / 0.5mg / 1mg,"Gangguan kecemasan, gangguan panik","Miastenia gravis, glaukoma sudut sempit, kehamilan","0.25–0.5 mg, 3 kali/hari; titrasi bertahap","Kantuk, pusing, gangguan koordinasi, ketergantungan",Risiko ketergantungan tinggi; tapering off saat penghentian
68,Amitriptyline,Amitriptyline HCl,Psikiatri,Obat Keras,Tablet,Amitriptyline 10mg / 25mg,"Depresi, neuralgia, insomnia, pencegahan migrain","Infark miokard baru, aritmia, penggunaan MAO inhibitor dalam 14 hari",Depresi: 75–150 mg/hari (dosis tunggal malam atau terbagi); mulai 25 mg/hari,"Mulut kering, konstipasi, retensi urin, sedasi, takikardia, penambahan berat badan",Tidak untuk anak <12 tahun; pantau EKG pada pasien kardiovaskular; hindari overdosis
69,Sertraline,Sertraline HCl,Psikiatri,Obat Keras,Tablet,Sertraline 50mg / 100mg,"Depresi mayor, OCD, gangguan panik, PTSD, gangguan kecemasan sosial","Bersamaan MAO inhibitor atau pimozide, hipersensitivitas",50 mg sekali sehari (titrasi hingga 200 mg/hari jika diperlukan),"Mual, insomnia, diare, disfungsi seksual, sakit kepala",Efek muncul 2–4 minggu; pantau pikiran bunuh diri pada awal terapi
70,Risperidone,Risperidone,Psikiatri,Obat Keras,Tablet,Risperidone 0.5mg / 1mg / 2mg / 3mg,"Skizofrenia, episode manik bipolar, gangguan perilaku pada autisme","Hipersensitivitas, demensia dengan parkinson",Skizofrenia: mulai 2 mg/hari; titrasi hingga 4–8 mg/hari,"Peningkatan berat badan, sedasi, EPS, hiperprolaktinemia",Pantau gula darah dan berat badan; hati-hati pada lansia (risiko stroke)
